timestamp,block_number,share_price,total_assets,equity_index
2025-07-15 13:48:33,357973705,1.0,,100.0
2025-07-15 15:19:49,357995665,1.0,7.0,100.0
2025-07-16 02:40:49,358159369,1.0000223164784652,10007.223321,100.00223164784651
2025-07-16 03:07:17,358165730,1.000024599896705,10017.246194,100.0024599896705
2025-07-16 08:08:25,358238154,1.000035799458414,10027.358492,100.0035799458414
2025-07-21 17:09:24,360098817,1.0003273475619463,10051.288007,100.03273475619463
2025-08-01 15:43:09,363884703,1.0009189757130479,10087.250429,100.09189757130478
2025-08-01 17:59:41,363917528,1.0009236242457085,10103.045585,100.09236242457085
2025-08-03 16:39:33,364590000,1.0010301986693324,10118.222819,100.10301986693324
2025-08-11 08:04:49,367232677,1.0014479569034431,10156.831383,100.14479569034431
2025-08-12 09:45:26,367602976,1.001503881861034,60165.295072,100.1503881861034
2025-08-14 15:18:34,368375599,1.0016256272796717,60222.615,100.16256272796717
2025-08-16 07:11:57,368950827,1.0017161112524053,60274.059493,100.17161112524053
2025-08-17 09:39:09,369332020,1.0017749324647447,60377.784695,100.17749324647447
2025-08-24 08:05:49,371731808,1.0021532436186693,60328.372671,100.21532436186693
2025-08-25 08:33:09,372084482,1.0022075817184206,60355.645058,100.22075817184206
2025-08-31 15:29:33,374261591,1.0025496262622078,60426.260968,100.25496262622077
2025-09-20 18:18:08,381217100,1.003643544446941,60672.390653,100.36435444469409
2025-09-23 19:09:33,382267300,1.0038093265923307,60982.462091,100.38093265923307
2025-10-10 03:07:09,387921424,1.0046978199657328,61284.658499,100.46978199657329
2025-10-17 09:32:09,390437384,1.0050938930744635,61313.796679,100.50938930744636
2025-11-11 08:22:25,399069753,1.0064536253379484,60351.746295,100.64536253379484
2025-12-11 17:50:41,409586176,1.0081143610824452,76592.914261,100.81143610824452
2026-01-06 04:30:10,418387784,1.0095061851061795,471169.236857,100.95061851061796
2026-01-06 15:48:34,418550876,1.0095315699149376,472386.056613,100.95315699149377
2026-02-10 02:47:42,430479378,1.0109720457052074,2548995.624159,101.09720457052074
2026-03-06 13:17:58,438949307,1.0119795235246993,4502174.206864,101.19795235246994
2026-07-09 23:44:27,482198240,1.0171725633234034,3577966.594924,101.71725633234034
2026-07-25 19:39:49,487668138,1.0178321229624494,3448430.864697,101.78321229624494
2026-08-16 08:17:17,495079521,1.0187276375280638,3407715.082654,101.87276375280638
2026-08-24 02:09:41,497742754,1.0190485631745276,3249340.591419,101.90485631745277
2026-08-24 04:47:26,497780136,1.0190520500230054,3183459.123158,101.90520500230053
2026-08-28 03:26:42,499132132,1.019215315323072,3352944.716663,101.92153153230721
2026-09-10 07:04:17,503631188,1.0197644899638512,3182499.724032,101.97644899638512
